Day,louis vuitton: (Worldwide)
12/1/18,50
12/2/18,55
12/3/18,47
12/4/18,46
12/5/18,47
12/6/18,44
12/7/18,45
12/8/18,56
12/9/18,57
12/10/18,52
12/11/18,49
12/12/18,50
12/13/18,50
12/14/18,51
12/15/18,60
12/16/18,61
12/17/18,54
12/18/18,49
12/19/18,50
12/20/18,48
12/21/18,52
12/22/18,58
12/23/18,57
12/24/18,57
12/25/18,73
12/26/18,70
12/27/18,62
12/28/18,56
12/29/18,57
12/30/18,58
12/31/18,45
1/1/19,44
1/2/19,50
1/3/19,47
1/4/19,49
1/5/19,51
1/6/19,52
1/7/19,44
1/8/19,42
1/9/19,44
1/10/19,44
1/11/19,43
1/12/19,50
1/13/19,52
1/14/19,42
1/15/19,39
1/16/19,41
1/17/19,45
1/18/19,47
1/19/19,54
1/20/19,54
1/21/19,44
1/22/19,44
1/23/19,44
1/24/19,44
1/25/19,50
1/26/19,55
1/27/19,61
1/28/19,76
1/29/19,60
1/30/19,55
1/31/19,51
2/1/19,49
2/2/19,57
2/3/19,57
2/4/19,47
2/5/19,45
2/6/19,44
2/7/19,47
2/8/19,46
2/9/19,54
2/10/19,55
2/11/19,44
2/12/19,41
2/13/19,44
2/14/19,44
2/15/19,45
2/16/19,50
2/17/19,54
2/18/19,43
2/19/19,46
2/20/19,43
2/21/19,43
2/22/19,44
2/23/19,50
2/24/19,56
2/25/19,44
2/26/19,41
2/27/19,42
2/28/19,40
3/1/19,43
3/2/19,48
3/3/19,53
3/4/19,43
3/5/19,43
3/6/19,42
3/7/19,44
3/8/19,42
3/9/19,49
3/10/19,51
3/11/19,44
3/12/19,41
3/13/19,40
3/14/19,40
3/15/19,43
3/16/19,49
3/17/19,50
3/18/19,41
3/19/19,44
3/20/19,41
3/21/19,44
3/22/19,41
3/23/19,47
3/24/19,52
3/25/19,44
3/26/19,40
3/27/19,43
3/28/19,42
3/29/19,44
3/30/19,50
3/31/19,51
4/1/19,40
4/2/19,41
4/3/19,41
4/4/19,43
4/5/19,44
4/6/19,48
4/7/19,52
4/8/19,43
4/9/19,40
4/10/19,40
4/11/19,42
4/12/19,44
4/13/19,48
4/14/19,50
4/15/19,42
4/16/19,47
4/17/19,44
4/18/19,44
4/19/19,45
4/20/19,51
4/21/19,49
4/22/19,45
4/23/19,44
4/24/19,45
4/25/19,46
4/26/19,43
4/27/19,48
4/28/19,50
4/29/19,44
4/30/19,44
5/1/19,45
5/2/19,45
5/3/19,45
5/4/19,51
5/5/19,53
5/6/19,45
5/7/19,41
5/8/19,45
5/9/19,46
5/10/19,47
5/11/19,56
5/12/19,55
5/13/19,43
5/14/19,44
5/15/19,44
5/16/19,43
5/17/19,44
5/18/19,50
5/19/19,51
5/20/19,43
5/21/19,44
5/22/19,43
5/23/19,41
5/24/19,42
5/25/19,48
5/26/19,51
5/27/19,44
5/28/19,43
5/29/19,42
5/30/19,43
5/31/19,45
6/1/19,49
6/2/19,48
6/3/19,42
6/4/19,40
6/5/19,42
6/6/19,43
6/7/19,45
6/8/19,47
6/9/19,52
6/10/19,45
6/11/19,41
6/12/19,43
6/13/19,47
6/14/19,46
6/15/19,53
6/16/19,50
6/17/19,47
6/18/19,44
6/19/19,42
6/20/19,47
6/21/19,49
6/22/19,55
6/23/19,52
6/24/19,42
6/25/19,42
6/26/19,44
6/27/19,44
6/28/19,45
6/29/19,47
6/30/19,49
7/1/19,46
7/2/19,42
7/3/19,42
7/4/19,45
7/5/19,44
7/6/19,51
7/7/19,54
7/8/19,44
7/9/19,44
7/10/19,46
7/11/19,48
7/12/19,49
7/13/19,55
7/14/19,55
7/15/19,45
7/16/19,45
7/17/19,49
7/18/19,46
7/19/19,48
7/20/19,53
7/21/19,55
7/22/19,47
7/23/19,44
7/24/19,46
7/25/19,43
7/26/19,46
7/27/19,53
7/28/19,57
7/29/19,48
7/30/19,46
7/31/19,46
8/1/19,49
8/2/19,50
8/3/19,54
8/4/19,58
8/5/19,47
8/6/19,48
8/7/19,48
8/8/19,46
8/9/19,48
8/10/19,53
8/11/19,53
8/12/19,49
8/13/19,45
8/14/19,45
8/15/19,49
8/16/19,48
8/17/19,53
8/18/19,53
8/19/19,47
8/20/19,46
8/21/19,47
8/22/19,46
8/23/19,46
8/24/19,52
8/25/19,52
8/26/19,45
8/27/19,44
8/28/19,46
8/29/19,44
8/30/19,42
8/31/19,47
9/1/19,51
9/2/19,46
9/3/19,43
9/4/19,44
9/5/19,43
9/6/19,46
9/7/19,52
9/8/19,54
9/9/19,48
9/10/19,44
9/11/19,46
9/12/19,44
9/13/19,45
9/14/19,52
9/15/19,56
9/16/19,48
9/17/19,46
9/18/19,45
9/19/19,45
9/20/19,46
9/21/19,56
9/22/19,57
9/23/19,48
9/24/19,45
9/25/19,45
9/26/19,44
9/27/19,48
9/28/19,56
9/29/19,61
9/30/19,49
10/1/19,47
10/2/19,47
10/3/19,49
10/4/19,50
10/5/19,58
10/6/19,58
10/7/19,50
10/8/19,48
10/9/19,49
10/10/19,48
10/11/19,49
10/12/19,57
10/13/19,60
10/14/19,50
10/15/19,48
10/16/19,46
10/17/19,53
10/18/19,58
10/19/19,60
10/20/19,61
10/21/19,51
10/22/19,50
10/23/19,49
10/24/19,49
10/25/19,48
10/26/19,57
10/27/19,63
10/28/19,53
10/29/19,52
10/30/19,50
10/31/19,47
11/1/19,49
11/2/19,56
11/3/19,58
11/4/19,52
11/5/19,49
11/6/19,52
11/7/19,52
11/8/19,55
11/9/19,64
11/10/19,68
11/11/19,57
11/12/19,52
11/13/19,52
11/14/19,48
11/15/19,53
11/16/19,61
11/17/19,66
11/18/19,53
11/19/19,51
11/20/19,53
11/21/19,52
11/22/19,52
11/23/19,59
11/24/19,65
11/25/19,60
11/26/19,59
11/27/19,56
11/28/19,57
11/29/19,65
11/30/19,69
12/1/19,68
12/2/19,59
12/3/19,59
12/4/19,58
12/5/19,55
12/6/19,56
12/7/19,66
12/8/19,70
12/9/19,63
12/10/19,60
12/11/19,59
12/12/19,55
12/13/19,60
12/14/19,67
12/15/19,73
12/16/19,66
12/17/19,62
12/18/19,60
12/19/19,62
12/20/19,63
12/21/19,72
12/22/19,73
12/23/19,68
12/24/19,72
12/25/19,100
12/26/19,90
12/27/19,80
12/28/19,81
12/29/19,75
12/30/19,65
12/31/19,56