Day,tradesy louis vuitton: (Worldwide),
12/1/18,0,
12/2/18,0,
12/3/18,65,
12/4/18,0,
12/5/18,21,
12/6/18,22,
12/7/18,22,
12/8/18,0,
12/9/18,25,
12/10/18,21,
12/11/18,44,
12/12/18,22,
12/13/18,34,
12/14/18,22,
12/15/18,0,
12/16/18,25,
12/17/18,0,
12/18/18,32,
12/19/18,22,
12/20/18,0,
12/21/18,24,
12/22/18,0,
12/23/18,27,
12/24/18,26,
12/25/18,42,
12/26/18,0,
12/27/18,23,
12/28/18,24,
12/29/18,25,
12/30/18,52,
12/31/18,0,
1/1/19,27,
1/2/19,45,
1/3/19,22,
1/4/19,34,
1/5/19,49,
1/6/19,0,
1/7/19,21,
1/8/19,21,
1/9/19,44,
1/10/19,44,
1/11/19,22,
1/12/19,0,
1/13/19,24,
1/14/19,21,
1/15/19,21,
1/16/19,0,
1/17/19,0,
1/18/19,44,
1/19/19,0,
1/20/19,23,
1/21/19,21,
1/22/19,53,
1/23/19,31,
1/24/19,0,
1/25/19,65,
1/26/19,24,
1/27/19,97,
1/28/19,32,
1/29/19,21,
1/30/19,32,
1/31/19,43,
2/1/19,44,
2/2/19,24,
2/3/19,47,
2/4/19,21,
2/5/19,0,
2/6/19,31,
2/7/19,43,
2/8/19,0,
2/9/19,47,
2/10/19,59,
2/11/19,0,
2/12/19,20,
2/13/19,21,
2/14/19,21,
2/15/19,22,
2/16/19,0,
2/17/19,0,
2/18/19,0,
2/19/19,21,
2/20/19,42,
2/21/19,20,
2/22/19,44,
2/23/19,24,
2/24/19,24,
2/25/19,20,
2/26/19,0,
2/27/19,30,
2/28/19,0,
3/1/19,22,
3/2/19,0,
3/3/19,48,
3/4/19,43,
3/5/19,0,
3/6/19,20,
3/7/19,21,
3/8/19,44,
3/9/19,74,
3/10/19,36,
3/11/19,0,
3/12/19,21,
3/13/19,20,
3/14/19,21,
3/15/19,22,
3/16/19,49,
3/17/19,0,
3/18/19,22,
3/19/19,41,
3/20/19,21,
3/21/19,22,
3/22/19,0,
3/23/19,24,
3/24/19,22,
3/25/19,21,
3/26/19,0,
3/27/19,0,
3/28/19,21,
3/29/19,0,
3/30/19,25,
3/31/19,24,
4/1/19,0,
4/2/19,21,
4/3/19,21,
4/4/19,43,
4/5/19,44,
4/6/19,0,
4/7/19,24,
4/8/19,43,
4/9/19,21,
4/10/19,21,
4/11/19,21,
4/12/19,0,
4/13/19,25,
4/14/19,0,
4/15/19,21,
4/16/19,21,
4/17/19,33,
4/18/19,23,
4/19/19,24,
4/20/19,0,
4/21/19,77,
4/22/19,22,
4/23/19,22,
4/24/19,53,
4/25/19,44,
4/26/19,0,
4/27/19,24,
4/28/19,24,
4/29/19,21,
4/30/19,21,
5/1/19,27,
5/2/19,26,
5/3/19,0,
5/4/19,0,
5/5/19,0,
5/6/19,0,
5/7/19,0,
5/8/19,26,
5/9/19,0,
5/10/19,27,
5/11/19,30,
5/12/19,30,
5/13/19,26,
5/14/19,26,
5/15/19,26,
5/16/19,26,
5/17/19,0,
5/18/19,30,
5/19/19,29,
5/20/19,26,
5/21/19,25,
5/22/19,0,
5/23/19,25,
5/24/19,0,
5/25/19,30,
5/26/19,59,
5/27/19,0,
5/28/19,25,
5/29/19,0,
5/30/19,26,
5/31/19,27,
6/1/19,30,
6/2/19,0,
6/3/19,25,
6/4/19,0,
6/5/19,51,
6/6/19,26,
6/7/19,27,
6/8/19,30,
6/9/19,30,
6/10/19,0,
6/11/19,25,
6/12/19,51,
6/13/19,0,
6/14/19,52,
6/15/19,0,
6/16/19,0,
6/17/19,77,
6/18/19,26,
6/19/19,25,
6/20/19,26,
6/21/19,26,
6/22/19,0,
6/23/19,45,
6/24/19,26,
6/25/19,25,
6/26/19,25,
6/27/19,100,
6/28/19,27,
6/29/19,0,
6/30/19,59,
7/1/19,0,
7/2/19,0,
7/3/19,0,
7/4/19,26,
7/5/19,27,
7/6/19,29,
7/7/19,58,
7/8/19,26,
7/9/19,0,
7/10/19,25,
7/11/19,26,
7/12/19,0,
7/13/19,45,
7/14/19,58,
7/15/19,25,
7/16/19,26,
7/17/19,52,
7/18/19,0,
7/19/19,28,
7/20/19,30,
7/21/19,45,
7/22/19,27,
7/23/19,26,
7/24/19,0,
7/25/19,27,
7/26/19,27,
7/27/19,30,
7/28/19,45,
7/29/19,0,
7/30/19,0,
7/31/19,26,
8/1/19,27,
8/2/19,28,
8/3/19,0,
8/4/19,0,
8/5/19,27,
8/6/19,0,
8/7/19,39,
8/8/19,27,
8/9/19,0,
8/10/19,0,
8/11/19,60,
8/12/19,26,
8/13/19,26,
8/14/19,37,
8/15/19,0,
8/16/19,54,
8/17/19,29,
8/18/19,30,
8/19/19,26,
8/20/19,26,
8/21/19,26,
8/22/19,26,
8/23/19,26,
8/24/19,29,
8/25/19,30,
8/26/19,0,
8/27/19,50,
8/28/19,75,
8/29/19,76,
8/30/19,26,
8/31/19,28,
9/1/19,0,
9/2/19,0,
9/3/19,0,
9/4/19,0,
9/5/19,25,
9/6/19,38,
9/7/19,0,
9/8/19,0,
9/9/19,0,
9/10/19,0,
9/11/19,0,
9/12/19,25,
9/13/19,38,
9/14/19,56,
9/15/19,0,
9/16/19,0,
9/17/19,0,
9/18/19,24,
9/19/19,0,
9/20/19,0,
9/21/19,56,
9/22/19,28,
9/23/19,0,
9/24/19,36,
9/25/19,24,
9/26/19,25,
9/27/19,25,
9/28/19,0,
9/29/19,0,
9/30/19,37,
10/1/19,24,
10/2/19,24,
10/3/19,25,
10/4/19,0,
10/5/19,84,
10/6/19,0,
10/7/19,25,
10/8/19,49,
10/9/19,49,
10/10/19,24,
10/11/19,25,
10/12/19,28,
10/13/19,55,
10/14/19,0,
10/15/19,0,
10/16/19,0,
10/17/19,0,
10/18/19,50,
10/19/19,0,
10/20/19,27,
10/21/19,24,
10/22/19,23,
10/23/19,24,
10/24/19,48,
10/25/19,0,
10/26/19,0,
10/27/19,0,
10/28/19,24,
10/29/19,24,
10/30/19,0,
10/31/19,0,
11/1/19,26,
11/2/19,27,
11/3/19,54,
11/4/19,0,
11/5/19,0,
11/6/19,0,
11/7/19,0,
11/8/19,0,
11/9/19,27,
11/10/19,53,
11/11/19,24,
11/12/19,24,
11/13/19,24,
11/14/19,23,
11/15/19,25,
11/16/19,27,
11/17/19,41,
11/18/19,0,
11/19/19,24,
11/20/19,24,
11/21/19,24,
11/22/19,0,
11/23/19,27,
11/24/19,27,
11/25/19,24,
11/26/19,36,
11/27/19,36,
11/28/19,48,
11/29/19,24,
11/30/19,54,
12/1/19,27,
12/2/19,23,
12/3/19,36,
12/4/19,0,
12/5/19,24,
12/6/19,0,
12/7/19,55,
12/8/19,27,
12/9/19,98,
12/10/19,0,
12/11/19,0,
12/12/19,49,
12/13/19,25,
12/14/19,0,
12/15/19,27,
12/16/19,0,
12/17/19,0,
12/18/19,73,
12/19/19,25,
12/20/19,0,
12/21/19,0,
12/22/19,0,
12/23/19,0,
12/24/19,28,
12/25/19,30,
12/26/19,27,
12/27/19,26,
12/28/19,28,
12/29/19,0,
12/30/19,26,
12/31/19,0,